id,date,dir,open_date,close_date,open_price,close_price,profit
200101-001,2001-01-05,1,2001-01-05 09:35:00,2001-01-05 10:20:00,5192,5140,-52
200101-002,2001-01-05,1,2001-01-05 12:15:00,2001-01-05 13:30:00,5200,5279,79
200101-003,2001-01-08,1,2001-01-08 11:05:00,2001-01-08 11:40:00,5348,5294,-54
200101-004,2001-01-08,1,2001-01-08 12:05:00,2001-01-08 12:45:00,5348,5294,-54
200101-005,2001-01-08,-1,2001-01-08 13:05:00,2001-01-08 13:30:00,5237,5174,63
200101-006,2001-01-09,1,2001-01-09 13:15:00,2001-01-09 13:30:00,5358,5410,52
200101-007,2001-01-10,1,2001-01-10 10:00:00,2001-01-10 10:25:00,5421,5366,-55
200101-008,2001-01-11,1,2001-01-11 11:00:00,2001-01-11 11:40:00,5490,5431,-59
200101-009,2001-01-11,-1,2001-01-11 12:05:00,2001-01-11 13:30:00,5358,5330,28
200101-010,2001-01-12,-1,2001-01-12 09:35:00,2001-01-12 13:25:00,5306,5330,-24
200101-011,2001-01-15,1,2001-01-15 13:20:00,2001-01-15 13:30:00,5378,5410,32
200101-012,2001-01-16,1,2001-01-16 09:10:00,2001-01-16 13:30:00,5430,5747,317
200101-013,2001-01-17,1,2001-01-17 10:10:00,2001-01-17 11:35:00,5813,5754,-59
200101-014,2001-01-17,1,2001-01-17 13:05:00,2001-01-17 13:30:00,5849,5830,-19
200101-015,2001-01-18,1,2001-01-18 10:30:00,2001-01-18 13:30:00,5888,5911,23
200101-016,2001-01-29,1,2001-01-29 10:55:00,2001-01-29 12:50:00,5960,5900,-60
200101-017,2001-01-30,-1,2001-01-30 11:30:00,2001-01-30 12:50:00,5649,5706,-57
200101-018,2001-01-31,1,2001-01-31 10:05:00,2001-01-31 11:40:00,5930,5870,-60
200101-019,2001-01-31,1,2001-01-31 12:55:00,2001-01-31 13:30:00,6000,5940,-60
200102-001,2001-02-01,-1,2001-02-01 12:45:00,2001-02-01 13:30:00,5880,5875,5
200102-002,2001-02-02,1,2001-02-02 09:35:00,2001-02-02 13:30:00,6020,6011,-9
200102-003,2001-02-05,-1,2001-02-05 09:55:00,2001-02-05 13:00:00,5911,5920,-9
200102-004,2001-02-06,-1,2001-02-06 12:25:00,2001-02-06 13:30:00,5860,5830,30
200102-005,2001-02-07,-1,2001-02-07 09:15:00,2001-02-07 13:30:00,5745,5700,45
200102-006,2001-02-09,1,2001-02-09 12:00:00,2001-02-09 13:30:00,5815,5792,-23
200102-007,2001-02-13,1,2001-02-13 09:10:00,2001-02-13 13:30:00,5929,6004,75
200102-008,2001-02-14,-1,2001-02-14 12:15:00,2001-02-14 13:30:00,5933,5860,73
200102-009,2001-02-15,1,2001-02-15 11:10:00,2001-02-15 13:30:00,6040,6118,78
200102-010,2001-02-16,-1,2001-02-16 10:55:00,2001-02-16 12:55:00,6007,6049,-42
200102-011,2001-02-19,-1,2001-02-19 09:10:00,2001-02-19 12:45:00,5890,5948,-58
200102-012,2001-02-20,-1,2001-02-20 13:20:00,2001-02-20 13:30:00,5920,5949,-29
200102-013,2001-02-21,-1,2001-02-21 09:15:00,2001-02-21 11:50:00,5835,5861,-26
200102-014,2001-02-22,-1,2001-02-22 09:30:00,2001-02-22 13:30:00,5805,5750,55
200102-015,2001-02-26,-1,2001-02-26 11:50:00,2001-02-26 13:30:00,5731,5734,-3
200102-016,2001-02-27,-1,2001-02-27 12:25:00,2001-02-27 13:30:00,5700,5670,30
200103-001,2001-03-01,-1,2001-03-01 09:10:00,2001-03-01 13:30:00,5563,5520,43
200103-002,2001-03-05,1,2001-03-05 11:30:00,2001-03-05 13:30:00,5565,5617,52
200103-003,2001-03-06,1,2001-03-06 10:45:00,2001-03-06 13:00:00,5684,5627,-57
200103-004,2001-03-06,-1,2001-03-06 13:05:00,2001-03-06 13:30:00,5619,5626,-7
200103-005,2001-03-07,1,2001-03-07 09:10:00,2001-03-07 13:30:00,5719,5748,29
200103-006,2001-03-09,-1,2001-03-09 09:55:00,2001-03-09 13:15:00,5630,5639,-9
200103-007,2001-03-13,1,2001-03-13 11:30:00,2001-03-13 13:30:00,5618,5618,0
200103-008,2001-03-15,1,2001-03-15 11:50:00,2001-03-15 13:30:00,5683,5759,76
200103-009,2001-03-16,1,2001-03-16 09:25:00,2001-03-16 13:30:00,5780,5760,-20
200103-010,2001-03-19,-1,2001-03-19 09:10:00,2001-03-19 13:30:00,5721,5627,94
200103-011,2001-03-22,1,2001-03-22 09:15:00,2001-03-22 13:30:00,5680,5735,55
200103-012,2001-03-26,1,2001-03-26 12:15:00,2001-03-26 13:30:00,5840,5900,60
200103-013,2001-03-27,1,2001-03-27 11:10:00,2001-03-27 12:55:00,5927,5867,-60
200103-014,2001-03-27,-1,2001-03-27 13:00:00,2001-03-27 13:30:00,5861,5870,-9
200103-015,2001-03-28,-1,2001-03-28 10:20:00,2001-03-28 13:25:00,5851,5854,-3
200103-016,2001-03-29,-1,2001-03-29 12:05:00,2001-03-29 12:50:00,5806,5844,-38
200103-017,2001-03-29,1,2001-03-29 13:10:00,2001-03-29 13:30:00,5859,5871,12
200103-018,2001-03-30,-1,2001-03-30 12:25:00,2001-03-30 13:30:00,5800,5778,22
200104-001,2001-04-02,-1,2001-04-02 09:15:00,2001-04-02 13:30:00,5753,5636,117
200104-002,2001-04-03,-1,2001-04-03 09:15:00,2001-04-03 13:30:00,5544,5487,57
200104-003,2001-04-09,-1,2001-04-09 09:10:00,2001-04-09 12:45:00,5432,5435,-3
200104-004,2001-04-10,-1,2001-04-10 12:55:00,2001-04-10 13:30:00,5411,5330,81
200104-005,2001-04-11,1,2001-04-11 13:10:00,2001-04-11 13:30:00,5475,5480,5
200104-006,2001-04-12,1,2001-04-12 12:00:00,2001-04-12 13:30:00,5540,5516,-24
200104-007,2001-04-13,-1,2001-04-13 11:05:00,2001-04-13 13:30:00,5505,5465,40
200104-008,2001-04-16,-1,2001-04-16 09:10:00,2001-04-16 13:30:00,5421,5425,-4
200104-009,2001-04-18,1,2001-04-18 10:40:00,2001-04-18 13:30:00,5515,5530,15
200104-010,2001-04-24,1,2001-04-24 09:15:00,2001-04-24 13:30:00,5647,5604,-43
200104-011,2001-04-25,-1,2001-04-25 09:15:00,2001-04-25 13:30:00,5593,5508,85
200104-012,2001-04-26,-1,2001-04-26 09:15:00,2001-04-26 12:30:00,5504,5511,-7
200104-013,2001-04-30,-1,2001-04-30 09:30:00,2001-04-30 10:10:00,5419,5474,-55
200105-001,2001-05-02,-1,2001-05-02 11:00:00,2001-05-02 13:30:00,5410,5348,62
200105-002,2001-05-04,-1,2001-05-04 11:10:00,2001-05-04 13:30:00,5355,5235,120
200105-003,2001-05-07,-1,2001-05-07 11:20:00,2001-05-07 11:40:00,5200,5252,-52
200105-004,2001-05-08,-1,2001-05-08 11:15:00,2001-05-08 13:30:00,5190,5224,-34
200105-005,2001-05-10,-1,2001-05-10 09:10:00,2001-05-10 13:30:00,5201,5162,39
200105-006,2001-05-11,-1,2001-05-11 10:30:00,2001-05-11 11:40:00,5080,5131,-51
200105-007,2001-05-11,1,2001-05-11 12:00:00,2001-05-11 13:30:00,5188,5249,61
200105-008,2001-05-16,-1,2001-05-16 09:10:00,2001-05-16 12:35:00,5144,5138,6
200105-009,2001-05-18,-1,2001-05-18 12:50:00,2001-05-18 13:30:00,5105,5074,31
200105-010,2001-05-21,-1,2001-05-21 09:10:00,2001-05-21 13:30:00,5055,4966,89
200105-011,2001-05-23,1,2001-05-23 09:40:00,2001-05-23 13:30:00,5068,5215,147
200105-012,2001-05-24,1,2001-05-24 09:10:00,2001-05-24 13:30:00,5226,5225,-1
200105-013,2001-05-28,-1,2001-05-28 09:10:00,2001-05-28 13:30:00,5136,5105,31
200105-014,2001-05-30,-1,2001-05-30 09:30:00,2001-05-30 13:10:00,5072,5090,-18
200106-001,2001-06-01,-1,2001-06-01 10:05:00,2001-06-01 13:30:00,5064,5044,20
200106-002,2001-06-05,1,2001-06-05 13:10:00,2001-06-05 13:30:00,5059,5083,24
200106-003,2001-06-06,1,2001-06-06 09:10:00,2001-06-06 13:30:00,5146,5212,66
200106-004,2001-06-07,-1,2001-06-07 09:30:00,2001-06-07 12:55:00,5160,5165,-5
200106-005,2001-06-08,1,2001-06-08 10:55:00,2001-06-08 13:20:00,5253,5200,-53
200106-006,2001-06-11,-1,2001-06-11 09:25:00,2001-06-11 11:55:00,5192,5218,-26
200106-007,2001-06-11,1,2001-06-11 13:20:00,2001-06-11 13:30:00,5259,5270,11
200106-008,2001-06-13,-1,2001-06-13 09:10:00,2001-06-13 10:20:00,5225,5278,-53
200106-009,2001-06-13,-1,2001-06-13 12:15:00,2001-06-13 13:30:00,5220,5189,31
200106-010,2001-06-14,-1,2001-06-14 09:20:00,2001-06-14 13:30:00,5150,5133,17
200106-011,2001-06-18,-1,2001-06-18 09:15:00,2001-06-18 13:10:00,5105,5100,5
200106-012,2001-06-20,-1,2001-06-20 10:40:00,2001-06-20 13:10:00,5051,5065,-14
200106-013,2001-06-21,-1,2001-06-21 10:40:00,2001-06-21 13:30:00,5037,4990,47
200106-014,2001-06-22,-1,2001-06-22 12:05:00,2001-06-22 13:30:00,4960,4955,5
200106-015,2001-06-26,-1,2001-06-26 10:15:00,2001-06-26 13:30:00,4931,4841,90
200106-016,2001-06-27,-1,2001-06-27 12:25:00,2001-06-27 13:30:00,4830,4865,-35
200106-017,2001-06-28,-1,2001-06-28 09:55:00,2001-06-28 13:25:00,4805,4828,-23
200106-018,2001-06-29,1,2001-06-29 09:10:00,2001-06-29 13:30:00,4890,4895,5
200107-001,2001-07-02,-1,2001-07-02 09:15:00,2001-07-02 12:50:00,4867,4857,10
200107-002,2001-07-02,1,2001-07-02 13:15:00,2001-07-02 13:30:00,4920,4925,5
200107-003,2001-07-04,-1,2001-07-04 09:15:00,2001-07-04 13:20:00,4795,4783,12
200107-004,2001-07-09,-1,2001-07-09 10:25:00,2001-07-09 12:45:00,4708,4734,-26
200107-005,2001-07-11,-1,2001-07-11 09:10:00,2001-07-11 13:30:00,4627,4590,37
200107-006,2001-07-12,1,2001-07-12 12:25:00,2001-07-12 13:30:00,4668,4665,-3
200107-007,2001-07-13,-1,2001-07-13 11:00:00,2001-07-13 13:30:00,4641,4481,160
200107-008,2001-07-16,-1,2001-07-16 10:35:00,2001-07-16 13:30:00,4446,4396,50
200107-009,2001-07-18,-1,2001-07-18 10:25:00,2001-07-18 13:30:00,4262,4176,86
200107-010,2001-07-19,-1,2001-07-19 11:20:00,2001-07-19 12:40:00,4115,4157,-42
200107-011,2001-07-23,-1,2001-07-23 12:45:00,2001-07-23 13:30:00,4125,4122,3
200107-012,2001-07-24,-1,2001-07-24 09:10:00,2001-07-24 13:30:00,4074,4050,24
200107-013,2001-07-26,1,2001-07-26 10:40:00,2001-07-26 13:30:00,4152,4290,138
200107-014,2001-07-27,1,2001-07-27 09:10:00,2001-07-27 09:30:00,4295,4252,-43
200107-015,2001-07-27,1,2001-07-27 10:45:00,2001-07-27 13:30:00,4295,4252,-43
200107-016,2001-07-31,-1,2001-07-31 09:15:00,2001-07-31 10:05:00,4235,4278,-43
200108-001,2001-08-02,1,2001-08-02 09:40:00,2001-08-02 13:30:00,4333,4433,100
200108-002,2001-08-03,1,2001-08-03 11:00:00,2001-08-03 13:30:00,4480,4480,0
200108-003,2001-08-06,-1,2001-08-06 10:25:00,2001-08-06 13:30:00,4446,4420,26
200108-004,2001-08-07,-1,2001-08-07 09:10:00,2001-08-07 13:05:00,4373,4368,5
200108-005,2001-08-08,1,2001-08-08 09:55:00,2001-08-08 13:30:00,4443,4488,45
200108-006,2001-08-09,-1,2001-08-09 11:50:00,2001-08-09 12:50:00,4432,4477,-45
200108-007,2001-08-10,-1,2001-08-10 09:10:00,2001-08-10 12:20:00,4403,4405,-2
200108-008,2001-08-10,1,2001-08-10 13:20:00,2001-08-10 13:30:00,4490,4468,-22
200108-009,2001-08-13,1,2001-08-13 09:45:00,2001-08-13 13:30:00,4510,4480,-30
200108-010,2001-08-14,1,2001-08-14 12:55:00,2001-08-14 13:30:00,4550,4587,37
200108-011,2001-08-15,1,2001-08-15 09:45:00,2001-08-15 13:30:00,4619,4606,-13
200108-012,2001-08-16,1,2001-08-16 10:20:00,2001-08-16 12:05:00,4658,4611,-47
200108-013,2001-08-17,-1,2001-08-17 10:10:00,2001-08-17 13:30:00,4596,4607,-11
200108-014,2001-08-22,-1,2001-08-22 13:05:00,2001-08-22 13:30:00,4514,4483,31
200108-015,2001-08-23,-1,2001-08-23 10:25:00,2001-08-23 11:50:00,4445,4490,-45
200108-016,2001-08-23,-1,2001-08-23 13:15:00,2001-08-23 13:30:00,4445,4455,-10
200108-017,2001-08-24,-1,2001-08-24 09:10:00,2001-08-24 13:30:00,4435,4295,140
200108-018,2001-08-28,-1,2001-08-28 10:30:00,2001-08-28 12:25:00,4305,4338,-33
200108-019,2001-08-29,1,2001-08-29 10:50:00,2001-08-29 13:30:00,4374,4470,96
200108-020,2001-08-30,1,2001-08-30 09:35:00,2001-08-30 12:20:00,4491,4446,-45
200108-021,2001-08-31,-1,2001-08-31 09:15:00,2001-08-31 12:00:00,4385,4414,-29
200109-001,2001-09-03,-1,2001-09-03 13:00:00,2001-09-03 13:30:00,4410,4390,20
200109-002,2001-09-04,-1,2001-09-04 09:15:00,2001-09-04 10:35:00,4360,4404,-44
200109-003,2001-09-05,-1,2001-09-05 11:05:00,2001-09-05 13:30:00,4393,4370,23
200109-004,2001-09-06,-1,2001-09-06 09:20:00,2001-09-06 13:30:00,4353,4319,34
200109-005,2001-09-07,-1,2001-09-07 10:15:00,2001-09-07 13:00:00,4255,4278,-23
200109-006,2001-09-10,-1,2001-09-10 09:20:00,2001-09-10 12:15:00,4237,4267,-30
200109-007,2001-09-10,1,2001-09-10 13:05:00,2001-09-10 13:30:00,4294,4267,-27
200109-008,2001-09-11,-1,2001-09-11 09:55:00,2001-09-11 13:30:00,4236,4162,74
200109-009,2001-09-14,-1,2001-09-14 10:25:00,2001-09-14 13:30:00,3850,3700,150
200109-010,2001-09-20,-1,2001-09-20 10:20:00,2001-09-20 11:05:00,3583,3619,-36
200109-011,2001-09-20,-1,2001-09-20 12:25:00,2001-09-20 13:30:00,3581,3562,19
200109-012,2001-09-21,-1,2001-09-21 09:10:00,2001-09-21 13:30:00,3440,3427,13
200109-013,2001-09-24,-1,2001-09-24 11:05:00,2001-09-24 11:45:00,3400,3434,-34
200109-014,2001-09-24,1,2001-09-24 12:45:00,2001-09-24 12:50:00,3543,3507,-36
200109-015,2001-09-25,-1,2001-09-25 12:30:00,2001-09-25 13:30:00,3490,3425,65
200109-016,2001-09-26,-1,2001-09-26 10:10:00,2001-09-26 10:20:00,3408,3443,-35
200109-017,2001-09-27,-1,2001-09-27 10:35:00,2001-09-27 10:50:00,3520,3556,-36
200109-018,2001-09-28,1,2001-09-28 09:30:00,2001-09-28 09:55:00,3657,3620,-37
200110-001,2001-10-02,-1,2001-10-02 09:10:00,2001-10-02 13:30:00,3571,3437,134
200110-002,2001-10-09,1,2001-10-09 11:25:00,2001-10-09 13:30:00,3577,3611,34
200110-003,2001-10-11,1,2001-10-11 09:15:00,2001-10-11 13:30:00,3718,3825,107
200110-004,2001-10-12,-1,2001-10-12 11:00:00,2001-10-12 11:20:00,3792,3830,-38
200110-005,2001-10-15,-1,2001-10-15 10:30:00,2001-10-15 13:30:00,3740,3734,6
200110-006,2001-10-16,1,2001-10-16 13:10:00,2001-10-16 13:30:00,3773,3795,22
200110-007,2001-10-17,1,2001-10-17 09:25:00,2001-10-17 10:50:00,3845,3806,-39
200110-008,2001-10-17,1,2001-10-17 12:50:00,2001-10-17 13:25:00,3855,3816,-39
200110-009,2001-10-18,-1,2001-10-18 09:15:00,2001-10-18 10:15:00,3715,3753,-38
200110-010,2001-10-19,-1,2001-10-19 09:20:00,2001-10-19 10:25:00,3726,3764,-38
200110-011,2001-10-19,1,2001-10-19 11:30:00,2001-10-19 12:35:00,3819,3780,-39
200110-012,2001-10-19,1,2001-10-19 13:15:00,2001-10-19 13:30:00,3835,3823,-12
200110-013,2001-10-22,1,2001-10-22 09:25:00,2001-10-22 13:30:00,3869,3885,16
200110-014,2001-10-23,-1,2001-10-23 12:30:00,2001-10-23 13:30:00,3858,3852,6
200110-015,2001-10-24,1,2001-10-24 12:00:00,2001-10-24 13:30:00,3946,3957,11
200110-016,2001-10-26,1,2001-10-26 09:10:00,2001-10-26 13:20:00,4029,3988,-41
200110-017,2001-10-29,-1,2001-10-29 09:30:00,2001-10-29 12:35:00,3973,4009,-36
200110-018,2001-10-30,-1,2001-10-30 09:10:00,2001-10-30 13:30:00,3920,3858,62
200110-019,2001-10-31,-1,2001-10-31 12:50:00,2001-10-31 13:30:00,3826,3845,-19
200111-001,2001-11-01,1,2001-11-01 10:20:00,2001-11-01 12:30:00,3888,3849,-39
200111-002,2001-11-02,1,2001-11-02 09:10:00,2001-11-02 13:30:00,3935,3933,-2
200111-003,2001-11-05,1,2001-11-05 13:05:00,2001-11-05 13:30:00,3973,4020,47
200111-004,2001-11-06,1,2001-11-06 12:30:00,2001-11-06 13:05:00,4078,4037,-41
200111-005,2001-11-09,-1,2001-11-09 09:20:00,2001-11-09 12:15:00,4005,4031,-26
200111-006,2001-11-12,1,2001-11-12 12:20:00,2001-11-12 13:30:00,4060,4076,16
200111-007,2001-11-14,1,2001-11-14 09:55:00,2001-11-14 13:30:00,4144,4236,92
200111-008,2001-11-15,1,2001-11-15 10:00:00,2001-11-15 13:30:00,4279,4349,70
200111-009,2001-11-16,1,2001-11-16 11:35:00,2001-11-16 13:30:00,4380,4406,26
200111-010,2001-11-19,1,2001-11-19 11:25:00,2001-11-19 13:30:00,4472,4553,81
200111-011,2001-11-20,-1,2001-11-20 12:40:00,2001-11-20 13:30:00,4511,4450,61
200111-012,2001-11-21,-1,2001-11-21 09:15:00,2001-11-21 10:00:00,4410,4455,-45
200111-013,2001-11-22,-1,2001-11-22 10:50:00,2001-11-22 13:30:00,4433,4411,22
200111-014,2001-11-26,1,2001-11-26 09:45:00,2001-11-26 13:30:00,4585,4602,17
200111-015,2001-11-27,-1,2001-11-27 10:25:00,2001-11-27 13:30:00,4575,4531,44
200111-016,2001-11-28,-1,2001-11-28 12:35:00,2001-11-28 13:30:00,4484,4398,86
200111-017,2001-11-30,1,2001-11-30 12:00:00,2001-11-30 13:10:00,4446,4401,-45
200112-001,2001-12-03,1,2001-12-03 09:10:00,2001-12-03 13:30:00,4465,4593,128
200112-002,2001-12-04,1,2001-12-04 10:15:00,2001-12-04 13:30:00,4600,4731,131
200112-003,2001-12-05,1,2001-12-05 10:00:00,2001-12-05 13:30:00,4840,4900,60
200112-004,2001-12-06,1,2001-12-06 09:30:00,2001-12-06 13:30:00,5060,5253,193
200112-005,2001-12-07,1,2001-12-07 10:10:00,2001-12-07 11:25:00,5290,5237,-53
200112-006,2001-12-07,1,2001-12-07 13:20:00,2001-12-07 13:30:00,5310,5360,50
200112-007,2001-12-10,1,2001-12-10 12:50:00,2001-12-10 13:00:00,5420,5365,-55
200112-008,2001-12-11,-1,2001-12-11 09:15:00,2001-12-11 10:05:00,5225,5278,-53
200112-009,2001-12-12,1,2001-12-12 10:30:00,2001-12-12 13:30:00,5420,5652,232
200112-010,2001-12-13,-1,2001-12-13 12:35:00,2001-12-13 13:30:00,5489,5411,78
200112-011,2001-12-18,-1,2001-12-18 10:35:00,2001-12-18 13:30:00,5385,5350,35
200112-012,2001-12-19,-1,2001-12-19 12:25:00,2001-12-19 13:30:00,5280,5220,60
200112-013,2001-12-21,-1,2001-12-21 09:10:00,2001-12-21 13:30:00,5192,5061,131
200112-014,2001-12-25,1,2001-12-25 10:25:00,2001-12-25 13:30:00,5260,5429,169
200112-015,2001-12-26,-1,2001-12-26 11:25:00,2001-12-26 12:25:00,5331,5385,-54
200112-016,2001-12-27,-1,2001-12-27 11:45:00,2001-12-27 13:30:00,5331,5250,81
200112-017,2001-12-31,1,2001-12-31 09:10:00,2001-12-31 13:30:00,5490,5567,77
200201-001,2002-01-02,1,2002-01-02 13:05:00,2002-01-02 13:30:00,5615,5606,-9
200201-002,2002-01-07,1,2002-01-07 11:20:00,2002-01-07 13:30:00,5718,5825,107
200201-003,2002-01-08,-1,2002-01-08 12:55:00,2002-01-08 13:30:00,5750,5808,-58
200201-004,2002-01-09,1,2002-01-09 09:55:00,2002-01-09 12:10:00,5870,5811,-59
200201-005,2002-01-09,-1,2002-01-09 12:35:00,2002-01-09 13:25:00,5761,5819,-58
200201-006,2002-01-11,-1,2002-01-11 11:50:00,2002-01-11 13:30:00,5759,5641,118
200201-007,2002-01-14,-1,2002-01-14 09:15:00,2002-01-14 13:30:00,5579,5574,5
200201-008,2002-01-15,-1,2002-01-15 11:15:00,2002-01-15 13:15:00,5523,5560,-37
200201-009,2002-01-18,1,2002-01-18 10:45:00,2002-01-18 12:00:00,5545,5489,-56
200201-010,2002-01-18,-1,2002-01-18 13:10:00,2002-01-18 13:30:00,5441,5435,6
200201-011,2002-01-21,1,2002-01-21 09:40:00,2002-01-21 13:30:00,5545,5824,279
200201-012,2002-01-22,-1,2002-01-22 10:55:00,2002-01-22 12:55:00,5767,5825,-58
200201-013,2002-01-29,-1,2002-01-29 09:55:00,2002-01-29 13:30:00,5906,5830,76
200201-014,2002-01-31,1,2002-01-31 13:05:00,2002-01-31 13:30:00,5855,5838,-17
200202-001,2002-02-01,-1,2002-02-01 13:20:00,2002-02-01 13:30:00,5831,5840,-9
200202-002,2002-02-04,-1,2002-02-04 09:15:00,2002-02-04 09:45:00,5785,5843,-58
200202-003,2002-02-06,1,2002-02-06 09:10:00,2002-02-06 13:30:00,5907,5955,48
200202-004,2002-02-18,-1,2002-02-18 13:20:00,2002-02-18 13:30:00,5970,5955,15
200202-005,2002-02-19,-1,2002-02-19 09:10:00,2002-02-19 13:30:00,5942,5850,92
200202-006,2002-02-20,-1,2002-02-20 09:45:00,2002-02-20 13:30:00,5781,5680,101
200202-007,2002-02-21,-1,2002-02-21 09:30:00,2002-02-21 13:30:00,5662,5639,23
200202-008,2002-02-22,-1,2002-02-22 09:20:00,2002-02-22 12:00:00,5560,5594,-34
200202-009,2002-02-25,-1,2002-02-25 12:00:00,2002-02-25 13:30:00,5545,5509,36
200202-010,2002-02-26,-1,2002-02-26 13:10:00,2002-02-26 13:30:00,5509,5500,9
200202-011,2002-02-27,1,2002-02-27 09:35:00,2002-02-27 13:30:00,5618,5692,74
200203-001,2002-03-04,1,2002-03-04 09:15:00,2002-03-04 13:30:00,5818,5918,100
200203-002,2002-03-05,-1,2002-03-05 11:45:00,2002-03-05 13:30:00,5896,5939,-43
200203-003,2002-03-06,1,2002-03-06 12:45:00,2002-03-06 13:30:00,6029,6115,86
200203-004,2002-03-08,-1,2002-03-08 11:50:00,2002-03-08 13:30:00,6053,6011,42
200203-005,2002-03-11,1,2002-03-11 11:15:00,2002-03-11 13:30:00,6185,6196,11
200203-006,2002-03-12,-1,2002-03-12 09:40:00,2002-03-12 13:30:00,6131,6112,19
200203-007,2002-03-13,-1,2002-03-13 11:40:00,2002-03-13 13:30:00,6072,6070,2
200203-008,2002-03-15,1,2002-03-15 09:30:00,2002-03-15 10:20:00,6105,6043,-62
200203-009,2002-03-15,-1,2002-03-15 11:20:00,2002-03-15 13:30:00,6011,5918,93
200203-010,2002-03-18,-1,2002-03-18 09:15:00,2002-03-18 12:35:00,5899,5945,-46
200203-011,2002-03-20,1,2002-03-20 10:35:00,2002-03-20 13:30:00,5970,6069,99
200203-012,2002-03-22,1,2002-03-22 09:15:00,2002-03-22 13:30:00,6145,6155,10
200203-013,2002-03-25,1,2002-03-25 11:55:00,2002-03-25 13:30:00,6185,6188,3
200203-014,2002-03-26,1,2002-03-26 13:10:00,2002-03-26 13:30:00,6209,6202,-7
200203-015,2002-03-27,1,2002-03-27 09:20:00,2002-03-27 10:30:00,6240,6177,-63
200203-016,2002-03-27,-1,2002-03-27 10:55:00,2002-03-27 13:30:00,6156,6090,66
200203-017,2002-03-28,-1,2002-03-28 10:05:00,2002-03-28 10:40:00,6065,6126,-61
200204-001,2002-04-02,1,2002-04-02 09:10:00,2002-04-02 13:30:00,6180,6211,31
200204-002,2002-04-04,-1,2002-04-04 09:55:00,2002-04-04 13:30:00,6168,6151,17
200204-003,2002-04-09,-1,2002-04-09 09:45:00,2002-04-09 13:30:00,6098,6037,61
200204-004,2002-04-10,-1,2002-04-10 09:20:00,2002-04-10 13:30:00,5991,6004,-13
200204-005,2002-04-12,-1,2002-04-12 09:10:00,2002-04-12 11:10:00,5980,6036,-56
200204-006,2002-04-12,1,2002-04-12 12:05:00,2002-04-12 13:30:00,6085,6161,76
200204-007,2002-04-15,1,2002-04-15 09:30:00,2002-04-15 13:30:00,6178,6169,-9
200204-008,2002-04-17,1,2002-04-17 12:25:00,2002-04-17 13:30:00,6385,6400,15
200204-009,2002-04-24,1,2002-04-24 11:20:00,2002-04-24 13:30:00,6417,6415,-2
200204-010,2002-04-25,-1,2002-04-25 09:25:00,2002-04-25 13:30:00,6343,6325,18
200204-011,2002-04-26,-1,2002-04-26 09:10:00,2002-04-26 13:30:00,6298,6293,5
200204-012,2002-04-29,-1,2002-04-29 09:15:00,2002-04-29 13:30:00,6235,6200,35
200204-013,2002-04-30,-1,2002-04-30 11:55:00,2002-04-30 13:30:00,6093,6084,9
200205-001,2002-05-02,-1,2002-05-02 09:20:00,2002-05-02 13:30:00,6050,5880,170
200205-002,2002-05-06,-1,2002-05-06 09:20:00,2002-05-06 13:30:00,5780,5624,156
200205-003,2002-05-08,1,2002-05-08 11:25:00,2002-05-08 13:00:00,5760,5702,-58
200205-004,2002-05-08,-1,2002-05-08 13:10:00,2002-05-08 13:30:00,5650,5707,-57
200205-005,2002-05-10,-1,2002-05-10 09:10:00,2002-05-10 10:50:00,5705,5763,-58
200205-006,2002-05-10,1,2002-05-10 13:10:00,2002-05-10 13:30:00,5830,5837,7
200205-007,2002-05-15,1,2002-05-15 09:40:00,2002-05-15 11:50:00,5893,5834,-59
200205-008,2002-05-15,1,2002-05-15 13:10:00,2002-05-15 13:30:00,5924,5930,6
200205-009,2002-05-16,-1,2002-05-16 11:00:00,2002-05-16 13:30:00,5842,5797,45
200205-010,2002-05-20,-1,2002-05-20 09:15:00,2002-05-20 13:30:00,5662,5538,124
200205-011,2002-05-21,-1,2002-05-21 09:55:00,2002-05-21 13:30:00,5468,5404,64
200205-012,2002-05-22,-1,2002-05-22 11:10:00,2002-05-22 11:40:00,5382,5436,-54
200205-013,2002-05-22,1,2002-05-22 13:15:00,2002-05-22 13:30:00,5505,5516,11
200205-014,2002-05-23,1,2002-05-23 09:15:00,2002-05-23 13:30:00,5525,5515,-10
200205-015,2002-05-24,1,2002-05-24 09:30:00,2002-05-24 13:30:00,5614,5688,74
200205-016,2002-05-28,-1,2002-05-28 10:10:00,2002-05-28 13:30:00,5666,5640,26
200205-017,2002-05-29,-1,2002-05-29 09:10:00,2002-05-29 12:15:00,5566,5569,-3
200205-018,2002-05-30,1,2002-05-30 09:25:00,2002-05-30 13:30:00,5675,5695,20
200206-001,2002-06-03,-1,2002-06-03 10:05:00,2002-06-03 13:30:00,5481,5505,-24
200206-002,2002-06-05,1,2002-06-05 09:10:00,2002-06-05 13:30:00,5605,5594,-11
200206-003,2002-06-06,-1,2002-06-06 09:10:00,2002-06-06 10:10:00,5562,5618,-56
200206-004,2002-06-11,-1,2002-06-11 11:05:00,2002-06-11 13:30:00,5388,5378,10
200206-005,2002-06-13,1,2002-06-13 09:30:00,2002-06-13 13:30:00,5498,5581,83
200206-006,2002-06-18,-1,2002-06-18 13:15:00,2002-06-18 13:30:00,5552,5567,-15
200206-007,2002-06-19,-1,2002-06-19 09:20:00,2002-06-19 13:30:00,5522,5380,142
200206-008,2002-06-20,-1,2002-06-20 09:10:00,2002-06-20 12:25:00,5330,5363,-33
200206-009,2002-06-21,1,2002-06-21 10:50:00,2002-06-21 13:30:00,5440,5433,-7
200206-010,2002-06-24,-1,2002-06-24 09:45:00,2002-06-24 12:20:00,5351,5390,-39
200206-011,2002-06-26,-1,2002-06-26 09:10:00,2002-06-26 13:30:00,5224,5102,122
200206-012,2002-06-27,-1,2002-06-27 10:25:00,2002-06-27 11:25:00,5082,5133,-51
200207-001,2002-07-01,-1,2002-07-01 09:10:00,2002-07-01 13:30:00,5060,4940,120
200207-002,2002-07-03,-1,2002-07-03 09:10:00,2002-07-03 10:50:00,4850,4899,-49
200207-003,2002-07-03,1,2002-07-03 11:35:00,2002-07-03 13:30:00,4985,5035,50
200207-004,2002-07-04,1,2002-07-04 09:30:00,2002-07-04 13:30:00,5070,5090,20
200207-005,2002-07-05,1,2002-07-05 11:40:00,2002-07-05 13:30:00,5137,5189,52
200207-006,2002-07-08,1,2002-07-08 09:55:00,2002-07-08 13:30:00,5294,5285,-9
200207-007,2002-07-09,-1,2002-07-09 09:35:00,2002-07-09 12:20:00,5260,5294,-34
200207-008,2002-07-10,-1,2002-07-10 09:25:00,2002-07-10 13:30:00,5215,5199,16
200207-009,2002-07-12,1,2002-07-12 09:15:00,2002-07-12 13:30:00,5250,5400,150
200207-010,2002-07-16,-1,2002-07-16 09:35:00,2002-07-16 13:30:00,5335,5297,38
200207-011,2002-07-17,-1,2002-07-17 09:35:00,2002-07-17 13:15:00,5250,5225,25
200207-012,2002-07-22,-1,2002-07-22 12:10:00,2002-07-22 13:30:00,5027,5023,4
200207-013,2002-07-23,1,2002-07-23 12:35:00,2002-07-23 13:30:00,5090,5169,79
200207-014,2002-07-24,-1,2002-07-24 10:50:00,2002-07-24 13:30:00,5030,5031,-1
200207-015,2002-07-25,-1,2002-07-25 13:00:00,2002-07-25 13:30:00,5066,5046,20
200207-016,2002-07-26,-1,2002-07-26 09:25:00,2002-07-26 13:30:00,4860,4750,110
200207-017,2002-07-29,1,2002-07-29 11:30:00,2002-07-29 12:15:00,4912,4862,-50
200207-018,2002-07-30,1,2002-07-30 09:10:00,2002-07-30 10:55:00,4976,4926,-50
200207-019,2002-07-31,-1,2002-07-31 10:10:00,2002-07-31 13:30:00,4904,4896,8
200208-001,2002-08-02,-1,2002-08-02 09:15:00,2002-08-02 11:45:00,4780,4828,-48
200208-002,2002-08-05,-1,2002-08-05 09:20:00,2002-08-05 13:30:00,4712,4576,136
200208-003,2002-08-07,1,2002-08-07 09:10:00,2002-08-07 13:30:00,4674,4668,-6
200208-004,2002-08-08,-1,2002-08-08 09:25:00,2002-08-08 11:25:00,4620,4667,-47
200208-005,2002-08-08,1,2002-08-08 12:10:00,2002-08-08 13:00:00,4697,4650,-47
200208-006,2002-08-09,1,2002-08-09 09:15:00,2002-08-09 13:30:00,4767,4771,4
200208-007,2002-08-14,1,2002-08-14 10:10:00,2002-08-14 13:30:00,4805,4856,51
200208-008,2002-08-15,1,2002-08-15 09:10:00,2002-08-15 13:30:00,4945,4895,-50
200208-009,2002-08-16,-1,2002-08-16 09:45:00,2002-08-16 13:30:00,4890,4895,-5
200208-010,2002-08-19,-1,2002-08-19 11:55:00,2002-08-19 13:30:00,4854,4866,-12
200208-011,2002-08-21,-1,2002-08-21 09:20:00,2002-08-21 12:40:00,4862,4868,-6
200208-012,2002-08-22,1,2002-08-22 09:30:00,2002-08-22 13:30:00,4928,4944,16
200208-013,2002-08-23,1,2002-08-23 09:40:00,2002-08-23 13:15:00,5010,4959,-51
200208-014,2002-08-26,-1,2002-08-26 09:55:00,2002-08-26 12:55:00,4883,4907,-24
200208-015,2002-08-27,-1,2002-08-27 11:10:00,2002-08-27 13:30:00,4881,4871,10
200208-016,2002-08-28,-1,2002-08-28 11:35:00,2002-08-28 13:30:00,4790,4771,19
200208-017,2002-08-29,1,2002-08-29 13:10:00,2002-08-29 13:30:00,4815,4801,-14
200208-018,2002-08-30,-1,2002-08-30 09:50:00,2002-08-30 12:05:00,4738,4779,-41
200209-001,2002-09-02,-1,2002-09-02 09:10:00,2002-09-02 13:30:00,4716,4618,98
200209-002,2002-09-03,-1,2002-09-03 09:20:00,2002-09-03 13:30:00,4611,4569,42
200209-003,2002-09-05,-1,2002-09-05 11:35:00,2002-09-05 13:30:00,4493,4453,40
200209-004,2002-09-09,-1,2002-09-09 09:10:00,2002-09-09 09:30:00,4440,4485,-45
200209-005,2002-09-10,1,2002-09-10 09:50:00,2002-09-10 13:30:00,4535,4647,112
200209-006,2002-09-11,1,2002-09-11 09:15:00,2002-09-11 13:30:00,4662,4654,-8
200209-007,2002-09-12,-1,2002-09-12 12:00:00,2002-09-12 13:30:00,4620,4624,-4
200209-008,2002-09-13,-1,2002-09-13 09:10:00,2002-09-13 13:30:00,4543,4554,-11
200209-009,2002-09-16,-1,2002-09-16 09:35:00,2002-09-16 13:30:00,4515,4419,96
200209-010,2002-09-17,1,2002-09-17 10:35:00,2002-09-17 13:30:00,4558,4650,92
200209-011,2002-09-18,-1,2002-09-18 09:15:00,2002-09-18 13:30:00,4498,4475,23
200209-012,2002-09-23,-1,2002-09-23 10:00:00,2002-09-23 13:30:00,4322,4300,22
200209-013,2002-09-24,-1,2002-09-24 11:35:00,2002-09-24 12:15:00,4265,4308,-43
200209-014,2002-09-25,-1,2002-09-25 11:40:00,2002-09-25 13:30:00,4213,4160,53
200209-015,2002-09-27,-1,2002-09-27 11:55:00,2002-09-27 13:30:00,4189,4179,10
200209-016,2002-09-30,-1,2002-09-30 09:20:00,2002-09-30 12:35:00,4086,4083,3
200210-001,2002-10-01,1,2002-10-01 09:45:00,2002-10-01 10:30:00,4190,4148,-42
200210-002,2002-10-01,-1,2002-10-01 12:25:00,2002-10-01 13:05:00,4080,4121,-41
200210-003,2002-10-03,-1,2002-10-03 09:50:00,2002-10-03 13:30:00,4059,4037,22
200210-004,2002-10-04,-1,2002-10-04 09:50:00,2002-10-04 10:05:00,4007,4048,-41
200210-005,2002-10-07,-1,2002-10-07 09:35:00,2002-10-07 13:30:00,3964,3900,64
200210-006,2002-10-08,-1,2002-10-08 09:50:00,2002-10-08 10:25:00,3888,3927,-39
200210-007,2002-10-08,1,2002-10-08 13:15:00,2002-10-08 13:30:00,3964,3953,-11
200210-008,2002-10-09,-1,2002-10-09 13:15:00,2002-10-09 13:30:00,3922,3896,26
200210-009,2002-10-11,-1,2002-10-11 12:05:00,2002-10-11 13:30:00,3842,3808,34
200210-010,2002-10-15,1,2002-10-15 09:10:00,2002-10-15 13:30:00,3975,4151,176
200210-011,2002-10-17,1,2002-10-17 10:25:00,2002-10-17 13:10:00,4245,4202,-43
200210-012,2002-10-18,1,2002-10-18 09:50:00,2002-10-18 10:20:00,4348,4304,-44
200210-013,2002-10-18,1,2002-10-18 12:05:00,2002-10-18 13:30:00,4355,4427,72
200210-014,2002-10-22,-1,2002-10-22 12:10:00,2002-10-22 13:30:00,4338,4308,30
200210-015,2002-10-23,-1,2002-10-23 09:35:00,2002-10-23 10:10:00,4287,4330,-43
200210-016,2002-10-23,1,2002-10-23 11:40:00,2002-10-23 13:30:00,4438,4579,141
200210-017,2002-10-29,-1,2002-10-29 10:10:00,2002-10-29 12:50:00,4501,4535,-34
200210-018,2002-10-30,-1,2002-10-30 11:30:00,2002-10-30 13:30:00,4493,4425,68
200210-019,2002-10-31,1,2002-10-31 09:30:00,2002-10-31 11:05:00,4568,4522,-46
200211-001,2002-11-01,-1,2002-11-01 11:50:00,2002-11-01 13:30:00,4461,4454,7
200211-002,2002-11-05,-1,2002-11-05 11:15:00,2002-11-05 12:45:00,4516,4554,-38
200211-003,2002-11-06,1,2002-11-06 11:20:00,2002-11-06 13:30:00,4623,4732,109
200211-004,2002-11-08,1,2002-11-08 10:55:00,2002-11-08 13:30:00,4773,4769,-4
200211-005,2002-11-11,-1,2002-11-11 09:45:00,2002-11-11 13:30:00,4712,4673,39
200211-006,2002-11-13,-1,2002-11-13 12:40:00,2002-11-13 13:25:00,4613,4660,-47
200211-007,2002-11-14,1,2002-11-14 09:20:00,2002-11-14 13:30:00,4693,4665,-28
200211-008,2002-11-15,1,2002-11-15 10:45:00,2002-11-15 13:30:00,4779,4799,20
200211-009,2002-11-19,-1,2002-11-19 09:50:00,2002-11-19 13:30:00,4750,4733,17
200211-010,2002-11-20,-1,2002-11-20 09:20:00,2002-11-20 12:35:00,4711,4678,33
200211-011,2002-11-21,-1,2002-11-21 11:20:00,2002-11-21 13:30:00,4655,4600,55
200211-012,2002-11-22,1,2002-11-22 09:20:00,2002-11-22 13:30:00,4743,4724,-19
200211-013,2002-11-26,-1,2002-11-26 13:05:00,2002-11-26 13:30:00,4678,4684,-6
200211-014,2002-11-27,-1,2002-11-27 10:45:00,2002-11-27 13:20:00,4631,4649,-18
200212-001,2002-12-02,-1,2002-12-02 09:55:00,2002-12-02 12:50:00,4628,4647,-19
200212-002,2002-12-03,1,2002-12-03 09:20:00,2002-12-03 13:30:00,4725,4795,70
200212-003,2002-12-04,-1,2002-12-04 10:20:00,2002-12-04 12:35:00,4735,4758,-23
200212-004,2002-12-10,-1,2002-12-10 09:30:00,2002-12-10 12:40:00,4721,4737,-16
200212-005,2002-12-11,-1,2002-12-11 12:05:00,2002-12-11 13:30:00,4730,4694,36
200212-006,2002-12-12,-1,2002-12-12 09:15:00,2002-12-12 13:30:00,4676,4677,-1
200212-007,2002-12-13,-1,2002-12-13 13:10:00,2002-12-13 13:30:00,4623,4621,2
200212-008,2002-12-16,-1,2002-12-16 09:20:00,2002-12-16 13:30:00,4572,4589,-17
200212-009,2002-12-17,-1,2002-12-17 11:25:00,2002-12-17 13:30:00,4579,4577,2
200212-010,2002-12-18,-1,2002-12-18 11:45:00,2002-12-18 13:30:00,4547,4553,-6
200212-011,2002-12-20,1,2002-12-20 13:00:00,2002-12-20 13:30:00,4575,4578,3
200212-012,2002-12-24,-1,2002-12-24 11:40:00,2002-12-24 13:30:00,4522,4525,-3
200212-013,2002-12-25,-1,2002-12-25 09:15:00,2002-12-25 13:30:00,4510,4492,18
200212-014,2002-12-30,-1,2002-12-30 09:20:00,2002-12-30 13:30:00,4438,4413,25
200212-015,2002-12-31,-1,2002-12-31 10:10:00,2002-12-31 13:00:00,4406,4428,-22
